{
  "id": "dungeons-and-dwarves",
  "title": "Dungeons & Dwarves",
  "description": "System for DnD 5e variations Dungeons & Dwarves",
  "version": "0.8.5",
  "compatibility": {
    "minimum": "11",
    "verified": "11.313",
    "maximum": ""
  },
  "url": "https://github.com/slimak55/dungeons_and_dwarves",
   "manifest": "https://raw.githubusercontent.com/slimak55/dungeons_and_dwarves/main/system.json",
   "download": "https://github.com/slimak55/dungeons_and_dwarves/releases/download/release_0.8.5/dungeons_and_dwarves-release_0.8.5.zip",
  "esmodules": ["dwarves.js"],
  "styles": [
    "styles/style.css"
  ],
  "authors": [ {
    "name": "Michal Cloud",
    "url": "https://cloudfolium.eu/",
    "discord": "slimak55"
    }
  ],
  "languages": [
    {
      "lang": "en",
      "name": "English",
      "path": "lang/en.json"
    }
  ],
  "gridDistance": 5,
  "gridUnit":"ft",
  "initiative":"1d20 + @abilities.dex.mod"
}