{
"Actor": {
  "types": ["PC", "NPC", "Enemy"],
  "templates": {
    "abilities": {
    "str":{
      "value": 10,
      "proficient": false
      },
    "dex":{
      "value": 10,
      "proficient": false
      },
    "int":{
      "value": 10,
      "proficient": false
      },
    "cha":{
      "value": 10,
      "proficient": false
      },
    "per":{
      "value": 10,
      "proficient": false
      }
    },
    "attributes":{
       "ac": 0,
        "exhaust":{
            "value":0,
            "max":8
          },
        "hp":{
            "value": 10,
            "max": null
          },
        "mana": {
            "value": 10,
            "max": null
          },
        "movement_speed": 30,
        "movement_sec": 0


    },
    "currency": {
          "pp": 0,
          "gp": 0,
          "sp": 0,
          "cp": 0
    },
    "details": {
          "race":"",
          "class":"",
          "class_type":""
    },
    "notes":"",
    "bio":"",
    "appearance":""
},

"PC": {

  "templates": ["attributes","currency","details","notes","abilities","appearance"],
  "dying": {
    "isDying":false,
    "success": 0,
    "failure": 0
  },
    "pro_bonus":0,
    "ac_bonus":0,
    "hp_dice": {
      "value":1,
      "max":null
    },
    "hp_dice_type":"",
    "mana_dice": {
      "value":1,
      "max":null
    },
     "mana_dice_type":"",
      "levels": 0,
      "xp": {
          "value": 0
        },
        "inv_size":"",
        "inv_count":0
},

"NPC": {
"templates":["notes","attributes"]
},
"Enemy": {

  "templates":["notes","attributes","abilities"],
  "hit_roll":""
}


},

  "Item": {
  "types": ["melee_weapon", "spell","consumable","range_weapon","skill","armor"],
  "melee_weapon":{
    "damage":"",
    "damage_type":"",
    "mod":0,
    "weapon_type":"",
    "weapon_mod":"",
    "info":"",
    "eq":false,
    "cost":0,
    "cost_type":"",
    "quantity":0,
    "rarity":""
  },
  "range_weapon":{
    "damage":"",
    "damage_type":"",
    "mod":"",
    "ammo_1":"",
    "ammo_2":"",
    "ammo_count_1":0,
    "ammo_count_2":0,
    "weapon_type":"",
    "weapon_mod":"",
    "info":"",
    "eq":false,
    "cost":0,
    "cost_type":"",
    "quantity":0,
    "rarity":"",
    "range":""
  },
  "spell":{
    "damage":"",
    "damage_type":"",
    "weapon_mod":"",
    "mod":0,
    "mana_cost":0,
    "aoe":"",
    "aoe_range":"",
    "info":"" ,
    "s_type":"",
    "s_level":"",
    "cast_time":1,
    "range":""
  },
  "consumable":{
    "damage":"",
    "c_type":"",
    "info":"",
    "cost":0,
    "cost_type":"",
    "quantity":0,
    "rarity":""
  },
  "skill":{
    "damage":"",
    "weapon_mod":"",
    "mod":0,
    "s_type":"",
    "info":"",
    "cooldown":0,
    "range":""
  },
  "armor":{

    "info":"",
    "armor_type":"",
    "ac_armor":0,
    "ac_mod":0,
     "cost":0,
    "cost_type":"",
    "quantity":0,
    "eq":false,
    "rarity":""


  }

  }
}